supplier_code,supplier_name,supplier_product_code,ing.prod_code,ean,product_description,pack_size
1668,SPAR WESTERN CAPE,2770027,2491,6001008761164,SB 5% BREAD PREMIX (S),25KG
1668,SPAR WESTERN CAPE,2770029,2492,6001008761171,SB 6% CRISPY ROLL PRE S,25KG
1668,SPAR WESTERN CAPE,2770031,2493,6001008761188,SB SOFT ROLL PREMIX S,25KG
1668,SPAR WESTERN CAPE,2770033,2494,6001008761195,SB 15% SOFT PREMIX S,25KG
1668,SPAR WESTERN CAPE,2770165,2495,6001008761218,SB S AND S PREMIX S,25KG
1668,SPAR WESTERN CAPE,2818478,2506,6001008774690,SB WHITE BREAD FULL MIX,12.5K
1668,SPAR WESTERN CAPE,2818496,2507,6001008774713,SB BREAD BROWN FULL MIX,12.5K
1668,SPAR WESTERN CAPE,2845119,2515,6001008778032,SB PREMIX CRUST CRISPY,12.5K
1668,SPAR WESTERN CAPE,2845121,2516,6001008778049,SB PREMIX SOFT SILKY WHT,12.5K
1668,SPAR WESTERN CAPE,2845129,2517,6001008778056,SBK PREMIX SWEET N LIGHT,12.5K
1668,SPAR WESTERN CAPE,2845383,2518,6001008778100,SBK PAN RELEASE OIL,25KG
1668,SPAR WESTERN CAPE,2849393,2520,6001008778667,SMARTBAKER MIX,12.5K
1668,SPAR WESTERN CAPE,3060725,2554,6001008824326,SBK HOT CROSS BUN MIX,12.5K
1668,SPAR WESTERN CAPE,3114507,2564,6001008833205,SBK SPREAD CARAMEL,1KG
1668,SPAR WESTERN CAPE,3114513,2565,6001008833212,SBK COCOA POWDER,5KG
1668,SPAR WESTERN CAPE,3116691,2566,6001008834189,SMARTBAKER BAKING POWDER,5KG
1668,SPAR WESTERN CAPE,3120858,2567,6001008834684,SBK PREMIX QUEENIE,12.5K
1668,SPAR WESTERN CAPE,3120869,2568,6001008834691,SBK MIX COASTAL SCONE,12.5K
1668,SPAR WESTERN CAPE,3120917,2569,6001008834714,SBK MIX MADEIRA BUTTER,12.5K
1668,SPAR WESTERN CAPE,3120919,2570,6001008834721,SBK MIX SPONGE COAST CHOC,25KG
1668,SPAR WESTERN CAPE,3124248,2571,6001008835636,SBK CAKE FLOUR,12.5K
1668,SPAR WESTERN CAPE,3405737,2572,6001008834707,SBK MIX COASTAL SPONGE VAN 25K,25KG
1668,SPAR WESTERN CAPE,2016902,4270,6001571010201,SASKO FLOUR CAKE,12.5K
1668,SPAR WESTERN CAPE,2021091,4273,6001571040208,SASKO FLOUR BROWN BREAD,12.5K
1668,SPAR WESTERN CAPE,2782476,4277,6001571110000,RICHBAKE MIX WHITE,12.5K
1668,SPAR WESTERN CAPE,2782478,4278,6001571110024,RICHBAKE MIX SUPER BROWN,12.5K
1668,SPAR WESTERN CAPE,2839106,4279,6001571122157,SASKO MIX COMP SOFTROLL,12.5K
120,WESTERN CAPE MILLING,BBF12.5,15731,6009667010111,WC MILLING FLOUR BROWN BREAD,12.5K
120,WESTERN CAPE MILLING,CF12.5,15732,6009667010005,WC MILLING CAKE FLOUR,12.5K
120,WESTERN CAPE MILLING,CWF12.5,15733,,WC MILLING WHEAT CRUSHED,12.5K
120,WESTERN CAPE MILLING,WBF12.5,15734,6009667010104,WC MILLING FLOUR WHITE BREAD,12.5K
120,WESTERN CAPE MILLING,WBMIX,15736,6009667010210,W/CAPE MILL  MIX WHT BRD,9.5KG
120,WESTERN CAPE MILLING,BBMIX,15737,6009667010234,W/CAPE MILL MIX BRWN BRD,9.5KG
1668,SPAR WESTERN CAPE,2953337,22068,6001008800887,SBK BAGUETTE S/DOUGH FULL,250GR
1668,SPAR WESTERN CAPE,2953346,22069,6001008800894,SBK BAGUETTE S/DOUGH HALF,170GR
1668,SPAR WESTERN CAPE,2953351,22070,6001008800825,SBK BAGUETTE S/DOUGH WHT,155GR
1668,SPAR WESTERN CAPE,2953923,22071,6001008801242,SBK FTO SDOUG M/GRAIN BGT,270GR
1668,SPAR WESTERN CAPE,3012024,22072,6001008798542,SBK FTO PANINI WHITE SQU,130GR
1668,SPAR WESTERN CAPE,3012028,22073,6001008798559,SBK FTO PANINI WHITE LONG,120GR
1668,SPAR WESTERN CAPE,3012030,22074,6001008798535,SBK FTO PANINI OLIVE LONG,120GR
1668,SPAR WESTERN CAPE,3405794,22700,6001008834257,SBK CHURROS FRZ 230GR,230G
1668,SPAR WESTERN CAPE,3411239,22710,6001008778162,SBK DOUGH MIX M/MOMENTS 5KG,5KG
1668,SPAR WESTERN CAPE,2829871,23018,,DAIRY INNOV BINGO MINI,1KG
1668,SPAR WESTERN CAPE,3027406,23200,6001008815775,SBK BAGEL TRADITION FTO,110GR
1668,SPAR WESTERN CAPE,3027414,23201,6001008815782,SBK SOURDOUGH  FTO,400GR
1668,SPAR WESTERN CAPE,3027430,23202,6001008815799,SBK SOURDOUGH RYE FTO,500GR
1668,SPAR WESTERN CAPE,3027446,23203,6001008815805,SBK SOURDOUGH 5 GRAIN,500GR
1668,SPAR WESTERN CAPE,3031026,23204,6001008818905,SBK FTO APPLE STRUDEL,1'S
377,GOLDEN YOLK / SUCCESS VENTURES,LL-BA,26370,,GOLDEN YOLK LOOSE BAKERY EGGS,30'S
1668,SPAR WESTERN CAPE,3431881,26520,6009888494844,P/SKY S/DOUGH ART A/GRAIN 16'S,16EA
1668,SPAR WESTERN CAPE,3037509,26521,6001008820342,SBK FTO PASTEIS DE NATA,65GR
128,ACE PACKAGING (CAPE)(DESERTMOO,LP032-BA,26535,,BROWN KRAFT FRENCH,EA
128,ACE PACKAGING (CAPE)(DESERTMOO,LP022-BA,26536,,BROWN KRAFT SINGLE,EA
128,ACE PACKAGING (CAPE)(DESERTMOO,PCS0093C-BA,26537,,T739 CLAM CUP SQUARE,EA
128,ACE PACKAGING (CAPE)(DESERTMOO,AS096-BA,26545,,CLAMSHELL RECT 500ML,EA
128,ACE PACKAGING (CAPE)(DESERTMOO,OT002-BA,26549,,APRONS ON CARD WHITE,EA
128,ACE PACKAGING (CAPE)(DESERTMOO,B180BLDBA,26552,,COMBO DBAB 3 LAYER BABBY CAKE,EA
128,ACE PACKAGING (CAPE)(DESERTMOO,UG005-BA,26561,,SILICON LARGE BAKING PAPER,EA
128,ACE PACKAGING (CAPE)(DESERTMOO,FP004A-BA,26562,,GREASEPROOF 1,EA
128,ACE PACKAGING (CAPE)(DESERTMOO,FP006A-BA,26563,,GREASEPROOF 4,EA
128,ACE PACKAGING (CAPE)(DESERTMOO,MAIN50U-BA,26564,,MAIN 50 WHITE,EA
128,ACE PACKAGING (CAPE)(DESERTMOO,MAIN71MW-BA,26565,,MAIN 71M WHITE,EA
128,ACE PACKAGING (CAPE)(DESERTMOO,SS024A-BA,26566,,MUFFIN CUP X LARGE WHITE,EA
128,ACE PACKAGING (CAPE)(DESERTMOO,TEA001-BA,26567,,TEASPOONS WRAPPED BLACK,EA
128,ACE PACKAGING (CAPE)(DESERTMOO,TH144-BA,26576,,TRIFLE BOWL&LID,EA
128,ACE PACKAGING (CAPE)(DESERTMOO,BBKW-BA,26582,,GOLDPACK BREAD CLIPS WHITE,EA
1154,Bakery In House,1001,26710,6009525306943,WHITE BREAD,EACH
1154,Bakery In House,1002,26711,6009525306936,BROWN BREAD,EACH
1154,Bakery In House,1003,26712,211003,PANINI ROLLS,EACH
1154,Bakery In House,1004,26713,2001940000004,SOFT  ROUND ROLL,EACH
120,WESTERN CAPE MILLING,CURRY,26722,,WC MILLING CURRY MIX,12.5K
120,WESTERN CAPE MILLING,HEALT,26723,,WC MILLING HEALTHY BREAD MIX,12.5K
120,WESTERN CAPE MILLING,OUMA,26724,,WC MILLING OUMA BREAD PREMIX,12.5K
120,WESTERN CAPE MILLING,CIABATTA,26725,,WC MILLING CIABATTA MIX,12.5K
120,WESTERN CAPE MILLING,MUNI,26726,,WC MILLING MUNICH MIX,12.5K
120,WESTERN CAPE MILLING,SWEET,26727,,WC MILLING SWEET POTATO MIX,12.5K
120,WESTERN CAPE MILLING,LIN,26728,,WC MILLING LIN SEED,5K
120,WESTERN CAPE MILLING,POPP,26729,,WC MILLING POPPY SEED,5K
120,WESTERN CAPE MILLING,PUMPK,26730,,WC MILLING PUMPKIN SEED,5K
120,WESTERN CAPE MILLING,SESA,26731,,WC MILLING SESAME SEED,5K
120,WESTERN CAPE MILLING,SUNFLOWER,26732,,WC MILLING SUNFLOWER SEED,5K
1154,Bakery In House,1005,26734,2001930000007,SOFT HOTDOG  ROLLS,EACH
1154,Bakery In House,1006,26735,211006,SOFT SESAME SEED ROLL,EACH
1154,Bakery In House,1007,26736,211007,SOFT BROWN ROLLS,EACH
1154,Bakery In House,1008,26737,211008,WHOLEWHEAT  ROLLS,EACH
1154,Bakery In House,1009,26738,2001830000008,PORTUGUESE ROLL,EACH
1154,Bakery In House,1010,26739,211010,PORTUGUESE  BREAD,EACH
1154,Bakery In House,1089,26741,211089,MALVA & CUSTARD,EACH
1154,Bakery In House,1011,26742,2001310000009,CONEY ROLL,EACH
1154,Bakery In House,1012,26743,211012,COCTAIL ROLLS,EACH
1154,Bakery In House,1013,26745,211013,SUNNY SEED ROLLS,EACH
1154,Bakery In House,1494,26746,211494,SAVOURY TWIST,EACH
1154,Bakery In House,1087,26747,211087,COCONUT MACAROON,EACH
1154,Bakery In House,1059,26749,211058,P/ COPENHAGEN,EACH
1154,Bakery In House,,26751,211021,ZUKI'S SCONE,EACH
1154,Bakery In House,,26753,211023,ROCK BUNS,EACH
1154,Bakery In House,1466,26755,211466,MILK BREAD,EACH
1154,Bakery In House,1017,26756,211017,OUMA BREAD,EACH
1154,Bakery In House,1152,26762,211152,DESSERT SNOWBALL,EACH
1154,Bakery In House,1593,26764,211593,DESSERT CROISSANT,EACH
1154,Bakery In House,1192,26766,211192,DESSERT SCONES,EACH
1154,Bakery In House,1046,26769,211046,CHEESE CAKE SLICE,EACH
1154,Bakery In House,1580,26772,211580,CHEESE CROISSANTS,EACH
1154,Bakery In House,1677,26775,211677,MOIST  CHOC CUPS,EACH
1154,Bakery In House,1040,26778,211040,BEETROOT & THYME BREAD,EACH
1154,Bakery In House,1090,26781,211090,KIT KAT TART,EACH
1154,Bakery In House,1041,26787,211041,SWEET POTATO BREAD,EACH
1154,Bakery In House,1042,26790,211042,FRENCH LOAF HALF,EACH
1154,Bakery In House,1057,26792,211057,CUSTARD COPENHAGEN.,EACH
1154,Bakery In House,1088,26793,211088,CRUNCHIE,EACH
1154,Bakery In House,1068,26794,211068,PEANUT CHOC CLUSTER,EACH
1154,Bakery In House,1367,26795,211367,CHOC BALLS,EACH
1154,Bakery In House,1368,26796,211368,CHOC DESSERT SLICE,EACH
1154,Bakery In House,1589,26797,211589,KRONUTS,EACH
1154,Bakery In House,1064,26798,211064,JUMBO CROISSANTS,EACH
1154,Bakery In House,1039,26799,211039,APPLE SLICE,EACH
1154,Bakery In House,1026,26800,211026,DESSERT DOUGHNUTS,EACH
1154,Bakery In House,1029,26801,211029,RING DOUGHUT,EACH
1154,Bakery In House,,26802,211121,JAM DOUGHNUT,EACH
1154,Bakery In House,,26803,211031,CHOCOLATE ECLAIRS,EACH
1154,Bakery In House,,26806,211687,AMERICAN BROWNIES,EACH
1154,Bakery In House,1333,26808,211333,SMALL MUFFIN,EACH
1154,Bakery In House,1319,26811,211319,NO BAKE SLICE,EACH
1154,Bakery In House,1047,26812,211047,CUSTARD SLICE,EACH
1154,Bakery In House,1393,26815,211393,MALVA PUDDING,EACH
1154,Bakery In House,1676,26817,2001640000007,MILK TART CUP,EACH
1154,Bakery In House,,26818,211103,MINI COCONUT DOUGHNUT,EACH
1154,Bakery In House,1645,26820,211645,MINI DESSERT SWISSROLL,EACH
1154,Bakery In House,1561,26822,211561,RED VELVET CAKE SLICE,EACH
1154,Bakery In House,,26824,211443,CINNA BUN & SAUCE,EACH
1154,Bakery In House,1123,26825,211123,ASSORTED DENISH,EACH
16,CHIPKINS PURATOS (BIDVEST SOL),211212,26836,,SPARKLES BLUE,5G
16,CHIPKINS PURATOS (BIDVEST SOL),48711,26837,,SPARKLES PINK,5G
16,CHIPKINS PURATOS (BIDVEST SOL),48713,26838,,SPARKLES RED,5G
16,CHIPKINS PURATOS (BIDVEST SOL),211214,26839,,SPARKLES SILVER,5G
16,CHIPKINS PURATOS (BIDVEST SOL),211219,26840,,SPARKLES WHITE,5G
16,CHIPKINS PURATOS (BIDVEST SOL),90305,26841,,POPPY SEED,P/KG
1154,Bakery In House,,26908,211014,MILK TART,EACH
1154,Bakery In House,,26910,211015,TEA BUNS,EACH
1154,Bakery In House,1016,26913,211016,JUMBO CUP CAKE,EACH
1154,Bakery In House,1018,26918,211018,SNOWBALL,EACH
1154,Bakery In House,1019,26922,211019,VEGGIE ROLL,EACH
1154,Bakery In House,,26925,211020,VIENNA & VEG SLICE,EACH
1154,Bakery In House,1022,26929,211022,TRIFFLE 350G,EACH
1154,Bakery In House,1025,26933,211025,VANILLA CAKE SLICE,EACH
1154,Bakery In House,,26936,211027,APPLE CRUMBLE,EACH
1154,Bakery In House,,26941,211028,SEED LOAF,EACH
1154,Bakery In House,1030,26944,211030,CARROT CAKE SLICE,EACH
1154,Bakery In House,1032,26948,211032,TRIFFLE LARG,EACH
1154,Bakery In House,1033,26950,211033,CHEESE CAKE CUP,EACH
1154,Bakery In House,,26952,211035,CHAKALAKA 6'S,EACH
1154,Bakery In House,1086,26958,211086,JELLY & CUSTARD CUPS,EACH
1154,Bakery In House,,26962,211034,BAR ONE CAKE,EACH
1154,Bakery In House,1036,26973,211036,CHEESE CAKE TART,EACH
1154,Bakery In House,,26978,211037,GARLIC PANINI,EACH
1154,Bakery In House,1038,27011,211038,R/VELVET  CAKE,EACH
1154,Bakery In House,,27012,211044,MELTING MOMENTS,KG
1154,Bakery In House,,27129,211048,APPLE CRUMBLE SMALL,EACH
1154,Bakery In House,1050,27130,211050,FRIUT MADEIRA SLICE,EACH
1154,Bakery In House,,27131,211052,CHOC SPONGE SHEETS,EACH
1154,Bakery In House,1055,27144,211055,VANILLA SPONGE SHEETS,EACH
1154,Bakery In House,,27169,211054,APPLE TARTLETS,EACH
1154,Bakery In House,1085,27170,211085,CARAMEL& BANANA ECLAIRS,EACH
1154,Bakery In House,,27175,211051,LEMON MARINGUE,EACH
1154,Bakery In House,,27180,211056,LEMON MARINGUE TARTLETS,EACH
1154,Bakery In House,,27184,211059,L /MARINGUE CUP,EACH
1154,Bakery In House,1060,27192,211060,CHOCOLATE CAKES,EACH
1154,Bakery In House,,27198,211053,MINI CHOC ECLAIRS,EACH
1154,Bakery In House,1063,27201,211063,MOIST CHOC MINI CAKE,EACH
1154,Bakery In House,,27202,211065,MOIST CHOC LOAF,EACH
1154,Bakery In House,,27203,211066,LAMINGTONS 6'S,EACH
1154,Bakery In House,,27204,211067,RAINBOW CAKE,EACH
1154,Bakery In House,1069,27205,211069,DEVONSHIRE CAKE,EACH
1154,Bakery In House,1070,27206,211070,CHOC  GUNUSH TART,EACH
1154,Bakery In House,1072,27207,211072,STRAWBERRY TARTS,EACH
1154,Bakery In House,1075,27208,211075,CARAMEL  TART,EACH
1154,Bakery In House,1076,27211,211076,PEPPERMINT TARTS,EACH
1154,Bakery In House,1073,27219,211073,SQURE VANILLA CAKE,EACH
1154,Bakery In House,1074,27223,211074, VANILLA / CAKE LOG,EACH
1154,Bakery In House,1077,27225,211077,CHOC / CAKE LOG,EACH
1154,Bakery In House,1084,27226,211084,VELV / CAKE LOG,EACH
1154,Bakery In House,1078,27228,211078,MOUSSE CAKE TART,EACH
1154,Bakery In House,1079,27237,211079,PEACANUT TART,EACH
1154,Bakery In House,1080,27241,211080,SMALL PEACANUT TART,EACH
1154,Bakery In House,1082,27251,211082,BAKED CHEESE CAKE,EACH
1154,Bakery In House,1083,27255,211083,TEGRAL CAKE,EACH
5,ANCHOR YEAST(BULK BAKERY),101,27261,,BCY ANCHOR,5KG
5,ANCHOR YEAST(BULK BAKERY),B161,27262,,RED CAKE & LAMINGTON,10KG
5,ANCHOR YEAST(BULK BAKERY),B222,27263,,TURMERIC BREAD,P/KG
5,ANCHOR YEAST(BULK BAKERY),B134,27264,,MEXICAN MIX,10KG
5,ANCHOR YEAST(BULK BAKERY),B185,27265,,FRENCH ONION BREAD,5KG
64,SOUTHBAKELS (PTY) LTD,68,27267,,ASS MUFFIN BATTER,P/KG
1154,Bakery In House,1061,27293,211061,POT BREAD,EACH
1154,Bakery In House,1062,27294,211062,OVAL BREAD,EACH
1154,Bakery In House,1071,27295,211071,GATSBY BREAD,EACH
1154,Bakery In House,1081,27296,211081,DESSERT CREAM BUN 6'S,EACH
1154,Bakery In House,1093,27297,211093,GARLIC ROLLS 6'S,EACH
1154,Bakery In House,1092,27298,211092,SAVOURY PANINI,EACH
1154,Bakery In House,1094,27299,211094,TEA BUN,EACH
1154,Bakery In House,1095,27300,211095,VANILLA  IMITATION CREAM CAKE,EACH
1154,Bakery In House,1096,27301,2002350000004,BANANA LOAF,EACH
1154,Bakery In House,1097,27305,211097,SPINACH & FETTA BREAD,EACH
1154,Bakery In House,1098,27306,211098,MADEIRA LOAF,EACH
1154,Bakery In House,1099,27307,211099,CUSTARD DELIGHT,EACH
1154,Bakery In House,1100,27308,211100,APPLE DELIGHT,EACH
1154,Bakery In House,1101,27309,211101,VETKOEK,EACH
1154,Bakery In House,1102,27310,211102,RYE BREAD 50/50,EACH
1154,Bakery In House,1113,27311,2001500000000,HOTCROSS BUNS,EACH
1154,Bakery In House,1104,27312,211104,BUTTER BREAD,EACH
1154,Bakery In House,1105,27313,211105,CIABATTER BREAD,EACH
1154,Bakery In House,1106,27316,211106,WAFFLES,EACH
1154,Bakery In House,1107,27318,211107,KITKA BREAD,EACH
1154,Bakery In House,1108,27320,211108,RAISIN LOAF,EACH
1154,Bakery In House,1109,27322,211109,MOSBOLLETJIES,EACH
1154,Bakery In House,1110,27323,211110,SCHOOL BUN,EACH
1154,Bakery In House,1112,27327,211112,FRENCH LOAF LONG,EACH
1154,Bakery In House,1119,27328,211119,VEG FOCACCIA,EACH
1154,Bakery In House,1118,27329,211118, FOCACCIA WITH VIENNAS,EACH
1154,Bakery In House,1120,27330,211120, FOCACCIA SLICE,EACH
1154,Bakery In House,1122,27331,211122,FAMILY CAKE,EACH
1154,Bakery In House,1124,27335,211124,CUSTARD  BUNS 6'S,EACH
141,AUSTRIAN PREMIX BAKING CO,CURRY,27460,,CURRY BREAD,P/KG
141,AUSTRIAN PREMIX BAKING CO,HEALTH,27461,,HEALTHY BREAD MIX,P/KG
141,AUSTRIAN PREMIX BAKING CO,OUMA,27462,,OUMA BREAD PREMIX,P/KG
141,AUSTRIAN PREMIX BAKING CO,CIABA,27463,,CIABATTA MIX BEETROOT,P/KG
141,AUSTRIAN PREMIX BAKING CO,,27464,,MUNICH RYE MIX,P/KG
141,AUSTRIAN PREMIX BAKING CO,SWEET,27465,,SWEET POTATO MIX,P/KG
141,AUSTRIAN PREMIX BAKING CO,LIN,27466,,LIN SEED 5KG,P/KG
141,AUSTRIAN PREMIX BAKING CO,POPPY,27467,,POPPY SEED 5KG,P/KG
141,AUSTRIAN PREMIX BAKING CO,PUMPK,27468,,PUMPKIN SEED 5KG,P/KG
141,AUSTRIAN PREMIX BAKING CO,SESAME,27469,,SESAME SEED 5KG,P/KG
141,AUSTRIAN PREMIX BAKING CO,SUN,27470,,SUNFLOWER SEED 5KG,P/KG
16,CHIPKINS PURATOS (BIDVEST SOL),40334,27480,,TEGRAL SATIN DARK MOIST,P/KG
16,CHIPKINS PURATOS (BIDVEST SOL),140406,27482,,PIPING BAG,EA
16,CHIPKINS PURATOS (BIDVEST SOL),150619,27483,,TEGRAL SLEEVES,EA
16,CHIPKINS PURATOS (BIDVEST SOL),19925,27484,,WC 6% PREMIX,P/KG
16,CHIPKINS PURATOS (BIDVEST SOL),50141,27485,,AMBIANTE TOPPING INT,1LT
16,CHIPKINS PURATOS (BIDVEST SOL),40332,27486,,TEGRAL SATIN CREAM CAKE,P/KG
16,CHIPKINS PURATOS (BIDVEST SOL),81429,27487,,FAT PASTREX CROISSANT,P/KG
16,CHIPKINS PURATOS (BIDVEST SOL),150786,27488,,CAKE DOME & BASE,EA
16,CHIPKINS PURATOS (BIDVEST SOL),140901,27489,,SCRAFER DOUGH METAL,EA
16,CHIPKINS PURATOS (BIDVEST SOL),60505,27490,,NUTS R CASTED SPRINKLE,P/KG
16,CHIPKINS PURATOS (BIDVEST SOL),90205,27491,,SESAME SEED,P/KG
16,CHIPKINS PURATOS (BIDVEST SOL),100125,27492,,SUGAR WHITE HULETS,P/KG
16,CHIPKINS PURATOS (BIDVEST SOL),40125,27493,,SWEET & SOFT 20% PREMIX,P/KG
16,CHIPKINS PURATOS (BIDVEST SOL),1009329,27494,,SYRUP BAKERY CHIPKINS,P/KG
16,CHIPKINS PURATOS (BIDVEST SOL),10273,27495,,TEGRAL IMIFINO BREAD MIX,P/KG
16,CHIPKINS PURATOS (BIDVEST SOL),23418,27496,,FRUIT COCKTAIL,P/KG
16,CHIPKINS PURATOS (BIDVEST SOL),91005,27497,,LINSEED,P/KG
16,CHIPKINS PURATOS (BIDVEST SOL),84850,27498,,MARG YELLOW WOODEN SPOON,P/KG
16,CHIPKINS PURATOS (BIDVEST SOL),90805,27499,,MIXED SPICE,P/KG
16,CHIPKINS PURATOS (BIDVEST SOL),12128,27500,,NCP COMPLETE CHAKALAKA,P/KG
16,CHIPKINS PURATOS (BIDVEST SOL),12129,27501,,NCP COMPLETE SMOKEY,P/KG
16,CHIPKINS PURATOS (BIDVEST SOL),60305,27502,,NUTS PECAN PIECES,P/KG
16,CHIPKINS PURATOS (BIDVEST SOL),43307,27503,,CHELLIES GREEN ALPINE,P/KG
16,CHIPKINS PURATOS (BIDVEST SOL),42107,27504,,CHELLIES RED ALPINE,P/KG
16,CHIPKINS PURATOS (BIDVEST SOL),110105,27505,,COCOA POWDER,P/KG
16,CHIPKINS PURATOS (BIDVEST SOL),40605,27506,,COCONUT,P/KG
16,CHIPKINS PURATOS (BIDVEST SOL),51026,27507,,CONDENSED MILK NESTLE,P/KG
16,CHIPKINS PURATOS (BIDVEST SOL),13005,27508,,CORNFLOUR,P/KG
16,CHIPKINS PURATOS (BIDVEST SOL),18946,27509,,OTENTIC DURUM,EA
16,CHIPKINS PURATOS (BIDVEST SOL),111602,27510,,CARTE DOR STRAWBERRY JELLY,500GR
16,CHIPKINS PURATOS (BIDVEST SOL),112402,27511,,CARTE DOR GREEN JELLY,2KG
16,CHIPKINS PURATOS (BIDVEST SOL),10958,27512,,BRIOCHE 20% PREMIX,P/KG
16,CHIPKINS PURATOS (BIDVEST SOL),100514,27513,,BLACK JACK,P/KG
16,CHIPKINS PURATOS (BIDVEST SOL),91505,27514,,ANISEED WHOLE,P/KG
732,PRICE RITE SPICES PTY LTD,FILMBA,27523,,FILMWRAP 380MMX120M,EA
1154,Bakery In House,1043,27551,211043,BAKED CHEESE CAKE SLICE,EACH
1154,Bakery In House,,27552,211045,BAKERY'S BREAD CRUMBS,EACH
1154,Bakery In House,1049,27553,211049,FRUIT MADEIRA,EACH
1154,Bakery In House,1091,27555,211091,BABY CAKES,EACH
1154,Bakery In House,1114,27563,211114,RED VELVET CUP CAKES,6'S
1154,Bakery In House,,27567,211115,PARTY WHEEL,EACH
1154,Bakery In House,1116,27578,211116,VANILLA CUP CAKES 6'S,EACH
1154,Bakery In House,1117,27579,211117,CHOC CUP CAKES 6'S,EACH
1154,Bakery In House,1125,27583,211125,JUMBO  MUFFIN,EACH
1154,Bakery In House,1126,27589,211126,CUSTARD DANISH,EACH
1154,Bakery In House,1127,27590,211127,APPLE DANISH,EACH
1154,Bakery In House,1128,27593,211128,COCTAIL SAUSAGE ROLL,EACH
1154,Bakery In House,1129,27595,211129,CHOC CROISSANTS,EACH
1154,Bakery In House,1130,27604,211130,BACON & EGG ROLL,EACH
1154,Bakery In House,1131,27608,211131,CANNOLIS,EACH
1154,Bakery In House,1132,27610,211132,SWEETIE PIE,EACH
1154,Bakery In House,1133,27613,211133,BEESTING SLICE,EACH
1154,Bakery In House,1153,27617,211153,LAMINGTON SQURES,EACH
1154,Bakery In House,1134,27619,211134,CINNA RING DOUGHNUT,EACH
1154,Bakery In House,1135,27623,211135,PLAIN DOUGHNUTS,EACH
1154,Bakery In House,1136,27653,211136,BAR ONE CAKE SLICE,EACH
1154,Bakery In House,1137,27655,211137,BLACKFOREST CAKE SLICE,EACH
1154,Bakery In House,1138,27658,211138,LEMON MARINGUE SLICE,EACH
1154,Bakery In House,1139,27662,211139,KIT KAT CAKE SLICE,EACH
1154,Bakery In House,1140,27665,211140,RAINBOW CAKE SLICE,EACH
128,ACE PACKAGING (CAPE)(DESERTMOO,SP001-BA,27666,,12X12X5,EA
128,ACE PACKAGING (CAPE)(DESERTMOO,PS063-BA,27667,,16X16X5,EA
128,ACE PACKAGING (CAPE)(DESERTMOO,DE006A-BA,27669,,14*CAKE BOARD THICK ROUND,EA
128,ACE PACKAGING (CAPE)(DESERTMOO,DE006B-BA,27670,,16* 406CAKE BOARD THICK ROUND,EA
128,ACE PACKAGING (CAPE)(DESERTMOO,DE016-BA,27671,,18* 457CAKE BOARD THICK ROUND,EA
128,ACE PACKAGING (CAPE)(DESERTMOO,DE007-BA,27672,,12* 305CAKE BOARD THICK ROUND,EA
128,ACE PACKAGING (CAPE)(DESERTMOO,DE012-BA,27673,,14* 356CAKE BOARD THICK SQUARE,EA
128,ACE PACKAGING (CAPE)(DESERTMOO,DE013-BA,27674,,16* 406CAKE BOARD THICK SQUARE,EA
128,ACE PACKAGING (CAPE)(DESERTMOO,DE014-BA,27675,,18* 457CAKE BOARD THICK SQUARE,EA
128,ACE PACKAGING (CAPE)(DESERTMOO,KK2COMBO-BA,27676,,COMBO KK2 DOME+KK1 BLACK BASE,EA
128,ACE PACKAGING (CAPE)(DESERTMOO,KK3COMBO,27677,,COMBO KK3 DOME+KK1 BLACK BASE,EA
128,ACE PACKAGING (CAPE)(DESERTMOO,PS051-BA,27678,,SWISS ROLL WINDOW BOX CODE,EA
128,ACE PACKAGING (CAPE)(DESERTMOO,3873,27679,,SPAR KRAFT TART 8X8X2,EA
128,ACE PACKAGING (CAPE)(DESERTMOO,PS004B-BA,27680,,SPAR BOX WINDOW 7X7X2.5,EA
128,ACE PACKAGING (CAPE)(DESERTMOO,TH019-BA,27681,,K79CR RECTANGULAR DOME,EA
128,ACE PACKAGING (CAPE)(DESERTMOO,CB11-BA,27682,,CORRUGATED 14X14X7,EA
128,ACE PACKAGING (CAPE)(DESERTMOO,EP011-BA,27683,,6X6X4,EA
128,ACE PACKAGING (CAPE)(DESERTMOO,AS095--BA,27684,,CLAMSHELL RECT 350ML,EA
128,ACE PACKAGING (CAPE)(DESERTMOO,CB12-BA,27685,,CORRUGATED 18X18X7,EA
128,ACE PACKAGING (CAPE)(DESERTMOO,PX11-BA,27686,,DOMED LID FOR 250/350 PLASTIC CUP,EA
128,ACE PACKAGING (CAPE)(DESERTMOO,MAR024A-BA,27687,,L557 LOG DOME MK75,EA
128,ACE PACKAGING (CAPE)(DESERTMOO,PX10,27689,,PLASTIC CUPS 350ML,EA
128,ACE PACKAGING (CAPE)(DESERTMOO,MH011-BA,27690,,POLYPROP 130X80X250,EA
128,ACE PACKAGING (CAPE)(DESERTMOO,PK004-BA,27691,,POLYPROP 250X400X30,EA
128,ACE PACKAGING (CAPE)(DESERTMOO,PP009C-BA,27692,,POLYPROP 2LB 102X44X235,EA
128,ACE PACKAGING (CAPE)(DESERTMOO,ZIB012-BA,27693,,T279 SWISS ROLL PER BOX,EA
128,ACE PACKAGING (CAPE)(DESERTMOO,MAR033-BA,27694,,T555 MUFFIN F/O 6UP,EA
128,ACE PACKAGING (CAPE)(DESERTMOO,ZIB006-BA,27695,,T567 CLAMSHELL TART,EA
128,ACE PACKAGING (CAPE)(DESERTMOO,CBL1030B-BA,27697,,T558 BLACK BASE L557,EA
128,ACE PACKAGING (CAPE)(DESERTMOO,MH035-BA,27698,,POLYPROP 120X45X290MM,EA
128,ACE PACKAGING (CAPE)(DESERTMOO,MAIN34B-BA,27699,,MAIN 34 BLACK,EA
128,ACE PACKAGING (CAPE)(DESERTMOO,HC049-BA,27733,,4041Q APPLE STRUDEL,EA
128,ACE PACKAGING (CAPE)(DESERTMOO,HC047-BA,27734,,4191P SMALL MADEIRA,EA
128,ACE PACKAGING (CAPE)(DESERTMOO,ISH001-BA,27735,,BOR 250X400 PER ROLL ONLY,EA
128,ACE PACKAGING (CAPE)(DESERTMOO,LP029-BA,27736,,BROWN KRAFT 6,EA
128,ACE PACKAGING (CAPE)(DESERTMOO,LP030-BA,27738,,BROWN KRAFT 8,EA
128,ACE PACKAGING (CAPE)(DESERTMOO,LP031-BA,27740,,BROWN KRAFT JUMBO,EA
128,ACE PACKAGING (CAPE)(DESERTMOO,PRD020-BA,27747,,DESSERTSPOONS WRAPPED BLACK,EA
128,ACE PACKAGING (CAPE)(DESERTMOO,HC048-BA,27749,,FOIL 4161 LARGE MADEIRA,EA
128,ACE PACKAGING (CAPE)(DESERTMOO,FP006B-BA,27754,,GREASE PROOF 3,EA
128,ACE PACKAGING (CAPE)(DESERTMOO,OT055-BA,27756,,MADEIRA LINERS WHITE,EA
128,ACE PACKAGING (CAPE)(DESERTMOO,TBT020-BA,27761,,MUFFIN 55/28 COLOURS FLOWER,EA
128,ACE PACKAGING (CAPE)(DESERTMOO,TBT021-BA,27763,,MUFFIN 70/40 JUMBO FLOWER,EA
128,ACE PACKAGING (CAPE)(DESERTMOO,MAIN60W-BA,27765,,MAIN 60 WHITE,EA
128,ACE PACKAGING (CAPE)(DESERTMOO,MAIN70W-BA,27768,,MAIN 70 WHITE,EA
1154,Bakery In House,1141,27773,211141,BIRDS NEST,EACH
1154,Bakery In House,1142,27779,211142,COCTAILSCONE,EACH
1154,Bakery In House,1143,27780,211143,MINI SCONES,EACH
1154,Bakery In House,1144,27783,211144,ALMOND STICKS,EACH
1154,Bakery In House,1145,27784,211145, DESSERT SWISSROLL,EACH
1154,Bakery In House,1146,27786,211146,FLORENTINES,EACH
1154,Bakery In House,1147,27787,211147,CEAM BUNS 2'S,EACH
1154,Bakery In House,1148,27788,211148,CHALSEA BUNS 4'S,EACH
1154,Bakery In House,1149,27789,211149,MINI PLAIN DOUGHNUT,EACH
1154,Bakery In House,1150,27810,211150, LEMON DESSERT SLICE,EACH
1154,Bakery In House,1151,27811,211151,CARAMEL DESSERT SLICE,EACH
1154,Bakery In House,1154,27869,211154,BOXE CHOC CAKE,EACH
1154,Bakery In House,1155,27870,211155, V/CHOC BOX CAKE,EACH
1154,Bakery In House,1156,27871,211156,JAM SWISSROLLS,EACH
1154,Bakery In House,1157,27878,211157,MILK TARTLETS,EACH
1154,Bakery In House,1158,27880,211158,PASTEI'S DE NATA,EACH
1154,Bakery In House,1159,27881,211159,CHALSEA BUN,EACH
1154,Bakery In House,1160,27882,211160, SAVOURY MUFFINS,EACH
116,RICH PRODUCTS,8495,27968,,CHOCOLATE BETTERCREME,2LT
116,RICH PRODUCTS,8500,27969,,VANILLA BETTERCREME,P/KG
116,RICH PRODUCTS,8495,27970,,CHOCOLATE BETTERCREME,P/KG
64,SOUTHBAKELS (PTY) LTD,1727100250,27987,,10% BUTTER BREAD,P/KG
64,SOUTHBAKELS (PTY) LTD,115,27988,,OVALETT,P/KG
64,SOUTHBAKELS (PTY) LTD,37101,27989,,PETTINA SPONGE INSTANT,P/KG
64,SOUTHBAKELS (PTY) LTD,3763500250,27990,,DONUT MIX SPECIAL,P/KG
64,SOUTHBAKELS (PTY) LTD,125,27991,,BUTERSCOTCH MULTIPURPOSE,P/KG
64,SOUTHBAKELS (PTY) LTD,780,27992,,CARROT CAKE MIX,P/KG
64,SOUTHBAKELS (PTY) LTD,51411,27993,,CHOCKEX CHIPS,P/KG
64,SOUTHBAKELS (PTY) LTD,6090,27994,,CHOCKEX WHITE,P/KG
1154,Bakery In House,1161,27995,211161,RING MINI DOUGHUTS 5'S,EACH
1154,Bakery In House,1162,28000,211162,RING MINI DOUGHUTS,EACH
1155,HMR IN HOUSE,5274,28030,215274, TEMPTING TREATS PLATTE,EA
1155,HMR IN HOUSE,1163,28031,211163,THE TEMPTING TREATS PLATTE,EACH
1154,Bakery In House,1164,28038,211164,CRISPY  ROLLS,EACH
16,CHIPKINS PURATOS (BIDVEST SOL),50605,28042,,CARAMEL PREMIUM,3KG
16,CHIPKINS PURATOS (BIDVEST SOL),21206,28046,,CHERRY GLACE WHOLE RED,P/KG
1012,NUFRESH,BANA013,28047,,BANANA LOSSE BAKERY,P/KG
141,AUSTRIAN PREMIX BAKING CO,CARAMEL,28051,,PREMIUM CARAMEL B SPREAD,P/KG
64,SOUTHBAKELS (PTY) LTD,57903,28052,,CHEESECAKE MIX,4KG
64,SOUTHBAKELS (PTY) LTD,50,28053,,CHOCOMOUSSE MIX,5KG
64,SOUTHBAKELS (PTY) LTD,7631,28054,,STRAWBERRY MOUSSE,5KG
64,SOUTHBAKELS (PTY) LTD,7632,28055,,TIRAMISU MOUSSE,5KG
64,SOUTHBAKELS (PTY) LTD,4210,28056,,PETT ICING SUGAR,25KG
64,SOUTHBAKELS (PTY) LTD,51404,28057,,DARK CHOC BLOCK,5KG
64,SOUTHBAKELS (PTY) LTD,58110,28058,,PIE APPLES BAKELS CHOICE GRADE,KG
16,CHIPKINS PURATOS (BIDVEST SOL),43512,28059,,ALMOND PASTE MAPAN,P/KG
16,CHIPKINS PURATOS (BIDVEST SOL),60901,28060,,NUTS ALMOND FLAKED,P/KG
16,CHIPKINS PURATOS (BIDVEST SOL),100325,28061,,SUGAR ICING CHIPKIN,P/KG
16,CHIPKINS PURATOS (BIDVEST SOL),114544,28062,,CART DOR JELY ORANGE,4X500G
93,GOOSEBUMPS DISTR.(BREAD STOP),2502,28063,,WONDER WHIP CHOCOLATE,2LT
93,GOOSEBUMPS DISTR.(BREAD STOP),2503,28064,,WONDER WHIP CREAM SODA,2LT
93,GOOSEBUMPS DISTR.(BREAD STOP),2504,28065,,WONDER WHIP STRAWBERRY,2LT
93,GOOSEBUMPS DISTR.(BREAD STOP),2510,28066,,BAVARIAN WHIP,2LT
1154,Bakery In House,1165,28093,211165,ICED CARROT LOAF,EACH
1154,Bakery In House,1166,28094,211166,JELLY  CUPS,EACH
1154,Bakery In House,1167,28095,211167,MOUSE CUPS,EACH
1154,Bakery In House,1168,28096,211168,MUESLI & YOGHURT,EACH
1154,Bakery In House,1169,28097,211169,DESSERT SQURES,EACH
1154,Bakery In House,1024,28118,211024,REDVELVET  SWISS ROLL,EACH
1154,Bakery In House,1111,28119,211111,APPLE TART,EACH
1154,Bakery In House,1170,28120,211170,CHOC MINI CAKE,EACH
1154,Bakery In House,1171,28121,211171,MILK TART SLICE,EACH
1154,Bakery In House,1172,28123,211172,CARROT TART,EACH
1154,Bakery In House,,28126,211173,BULK GATSBY BREAD,EACH
1154,Bakery In House,1174,28133,211174,CHEESE STICS,EACH
1154,Bakery In House,1175,28138,211175, TART SWISSROLL,EACH
1154,Bakery In House,1176,28140,211176,COCONUT DOUGHNUT,EACH
1154,Bakery In House,1177,28143,211177,KOEK SISTERS,EACH
1154,Bakery In House,1178,28144,211178,GARLIC ROLLS,EACH
1154,Bakery In House,,28146,211179,SAVOURY BREADS,EACH
1154,Bakery In House,1180,28152,211180,VEGGIE ROLLS 6'S,EACH
1154,Bakery In House,1181,28153,211181,B/FOREST IMITATION CAKE,EACH
1154,Bakery In House,1182,28154,211182,COMBO MINI TARTLETS,EACH
128,ACE PACKAGING (CAPE)(DESERTMOO,MAR027A-BA,28172,,T563 F/O SMALL HOTDOG,EA
1154,Bakery In House,1183,28217,211183,MOIST CHOC SLICE,EACH
1154,Bakery In House,1184,28218,211184,HALF BREAD,EACH
1154,Bakery In House,1185,28219,211185,COCTAIL SCONES 4'S,EACH
1154,Bakery In House,1186,28220,211186,BEESTING  LARGE,EACH
1154,Bakery In House,1187,28221,211187,BEESTING  SMALL,EACH
80,DARLING ROMERY (EDMS) BPK,M01,28222,,MILK FULL CREAM,20L
1154,Bakery In House,1188,28223,211188,VIENNA  ROLL,EACH
1012,NUFRESH,PEPR010-BA,28224,,RED PEPPERS,P/KG
1012,NUFRESH,PEPY010-BA,28225,,YELLOW PEPPERS,P/KG
1012,NUFRESH,PEPG010-BA,28226,,GREEN  PEPPERS,P/KG
1012,NUFRESH,CARR003-BA,28227,,CARROTS,P/KG
1012,NUFRESH,SPIN002-BA,28228,,SPINACH,EA
1154,Bakery In House,1189,28264,211189,SUBS,EACH
1154,Bakery In House,1190,28266,211190,SAVOURY CROISSANTS,EACH
1154,Bakery In House,1191,28270,211191,MOIST VANILLA  MINI CAKE,EACH
1154,Bakery In House,1193,28288,211193,BREAD RUSK,EACH
1154,Bakery In House,1194,28289,211194,COCTAIL SCONES,EACH
1154,Bakery In House,,28290,211195,SUNNY SEED BREAD,EACH
64,SOUTHBAKELS (PTY) LTD,3561,28291,,INSTANT THICKENER,P/KG
64,SOUTHBAKELS (PTY) LTD,372200,28292,,PETTINA INST CHOC SPONGE,P/KG
64,SOUTHBAKELS (PTY) LTD,33802,28293,,BAVARIAN SUPREME,P/KG
1154,Bakery In House,,28294,2001160000006,CHEESE  ROLLS,EACH
64,SOUTHBAKELS (PTY) LTD,58950,28295,,APRICOT JAM,P/KG
64,SOUTHBAKELS (PTY) LTD,425100,28296,,CHOC DIPPING ICING,P/KG
64,SOUTHBAKELS (PTY) LTD,425120,28297,,S/BERRY DIPPING ICING,P/KG
64,SOUTHBAKELS (PTY) LTD,41356,28298,,CHOC MINT CRUMBLE,P/KG
64,SOUTHBAKELS (PTY) LTD,51420,28299,,NIBS CHOCKEX,P/KG
64,SOUTHBAKELS (PTY) LTD,912200,28300,,PILLAR BOX RED,P/KG
64,SOUTHBAKELS (PTY) LTD,311010,28301,,ACTIWHITE,P/KG
64,SOUTHBAKELS (PTY) LTD,38400,28302,,NO BAKE CHOC,P/KG
64,SOUTHBAKELS (PTY) LTD,336010,28303,,INSTANT KRAMESS,P/KG
64,SOUTHBAKELS (PTY) LTD,58800,28304,,PASSION FRT TOP,P/KG
64,SOUTHBAKELS (PTY) LTD,586700,28305,,BLACKFOREST FILL,P/KG
64,SOUTHBAKELS (PTY) LTD,587670,28306,,STRAWBERRY FILL,P/KG
64,SOUTHBAKELS (PTY) LTD,343030,28307,,MALLOWHIP,P/KG
64,SOUTHBAKELS (PTY) LTD,34600,28308,,HADEJA FLAN GEL APRICOT,P/KG
64,SOUTHBAKELS (PTY) LTD,21100,28309,,OVALETT,P/KG
64,SOUTHBAKELS (PTY) LTD,345780,28310,,WHITE GLAZE,P/KG
64,SOUTHBAKELS (PTY) LTD,34580,28311,,CHOC GLAZE,P/KG
64,SOUTHBAKELS (PTY) LTD,41350,28312,,NON PAREIL,P/KG
64,SOUTHBAKELS (PTY) LTD,29700,28313,,HERCULES BAKING POWDER,P/KG
64,SOUTHBAKELS (PTY) LTD,57920,28314,,CHEESECAKE,P/KG
64,SOUTHBAKELS (PTY) LTD,76300,28315,,CHOCOMOUSSE MIX,P/KG
64,SOUTHBAKELS (PTY) LTD,381560,28316,,BUTTERSCOTCH MULTIPURPOSE,P/KG
64,SOUTHBAKELS (PTY) LTD,425250,28317,,PEARL WET FONDANT,P/KG
64,SOUTHBAKELS (PTY) LTD,587100,28318,,LEMON JUICE,P/KG
1154,Bakery In House,,28319,211197, MINI DESSERT DOUGHNUT,EACH
64,SOUTHBAKELS (PTY) LTD,911000,28320,,SOD BICARBONATE,P/KG
64,SOUTHBAKELS (PTY) LTD,41300,28321,,CHOC VERMICELLI,P/KG
64,SOUTHBAKELS (PTY) LTD,413100,28322,,RAINBOW VERMICELLI,P/KG
64,SOUTHBAKELS (PTY) LTD,91020,28323,,EGG YELLOW PDR,P/KG
64,SOUTHBAKELS (PTY) LTD,58760,28324,,KIWI TOPPING,P/KG
64,SOUTHBAKELS (PTY) LTD,51600,28325,,CHOCKEX WHITE,P/KG
64,SOUTHBAKELS (PTY) LTD,381800,28326,,CARROT CAKE MIX,P/KG
64,SOUTHBAKELS (PTY) LTD,58808,28327,,BAKELS MABGO FRUIT FILLING,P/KG
127,BAKE IT EASY,78,28328,,SPONGE SHEET CHOC,EA
127,BAKE IT EASY,317,28329,,SPONGE ROUND CHOC,EA
127,BAKE IT EASY,316,28330,,SPONGE ROUND PLAIN,EA
127,BAKE IT EASY,373,28331,,SPONGE ROUND RED VELVET,EA
127,BAKE IT EASY,3,28332,,SWEET BASE SMALL,EA
127,BAKE IT EASY,2,28333,,SWEET BASE MINI,EA
127,BAKE IT EASY,389,28334,,CANNOLI SHELLS,EA
127,BAKE IT EASY,195,28335,,FOCCACIA SMALL,EA
127,BAKE IT EASY,31,28336,,FOCCACIA,EA
127,BAKE IT EASY,182,28337,,KRO-NUTS,EA
127,BAKE IT EASY,5,28338,,SWEET BASE LARGE,EA
127,BAKE IT EASY,77,28339,,SPONGE SHEET PLAIN,EA
1154,Bakery In House,1198,28340,211198,MINI DESSERT CROISSANT,EACH
1154,Bakery In House,1199,28341,211199, FOCACCIA MINI,EACH
1154,Bakery In House,1200,28342,211200,ROLLS 6'S,EACH
1154,Bakery In House,1202,28343,211202,CHALSEA BUNS 6'S,EACH
1154,Bakery In House,1203,28344,211203,IMIFINO BREADS,EACH
1154,Bakery In House,,28345,211204,IMIFINO 6 'S,EACH
1154,Bakery In House,1205,28360,211205,TEGRAL MOIST CAKE,EACH
1154,Bakery In House,1206,28382,211206,HERTZOGGIES,EACH
1154,Bakery In House,1207,28383,211207,BREAD DOUGH,EACH
1154,Bakery In House,1208,28405,211208,SAVOURY SCONE,EACH
1154,Bakery In House,1209,28406,211209,BEETROOT & THYME ROLL,EACH
1154,Bakery In House,1210,28407,211210, MUFFINS MIXED,EACH
1154,Bakery In House,1211,28415,211211,18 INCH CAKE,EACH
1154,Bakery In House,1212,28416,211212,18 INCH CAKE DEP,EACH
1154,Bakery In House,1213,28417,211213,18 INCH CAKE BAL,EACH
1154,Bakery In House,1214,28418,211214,16 INCH CAKE,EACH
1154,Bakery In House,,28421,211215,DESSERT MINI SNOWBALL,EACH
1154,Bakery In House,1216,28422,211216,CUSTARD DESSERTS,EACH
1154,Bakery In House,1217,28423,211217,SQURE CHOC CAKE,EACH
1154,Bakery In House,1218,28424,211218,MINI SQURE VANILLA,EACH
1154,Bakery In House,1219,28425,211219,MINI SQURE CHOC,EACH
16,CHIPKINS PURATOS (BIDVEST SOL),20228,28426,,APRICOT FLAVOURED JAM,25KG
16,CHIPKINS PURATOS (BIDVEST SOL),80427,28427,,CHIPLITE,25LT
16,CHIPKINS PURATOS (BIDVEST SOL),110506,28428,,LEMON JUICE TRULEM,2LT
1154,Bakery In House,1220,28433,211220,RAISIN BUNS 6'S,EACH
1154,Bakery In House,121,28448,211221,CUP CAKES 10'S,EACH
120,WESTERN CAPE MILLING,CRM12.5,28483,,WC MILLING CRISPY MIX,12.5K
128,ACE PACKAGING (CAPE)(DESERTMOO,SW3,28495,,SPAR WHITE BREAD BAG,600GR
128,ACE PACKAGING (CAPE)(DESERTMOO,PP009D-BA,28496,,POLYPROP 3LB 130X80X350,100'S
128,ACE PACKAGING (CAPE)(DESERTMOO,1226-BA,28497,,WINDOW 8X8X2,100'S
128,ACE PACKAGING (CAPE)(DESERTMOO,MAR026-BA,28498,,T561 F/O HAMBURGER,EA
128,ACE PACKAGING (CAPE)(DESERTMOO,SW4,28505,,SPAR BROWN BREAD BAG,600GR
1154,Bakery In House,1222,28534,211222,CARROT CAKE LRG,EACH
1154,Bakery In House,1223,28550,211223,GARLIC BUTTERED ROLLS,EACH
1154,Bakery In House,1224,28551,211224,GARLIC BREAD,EACH
1154,Bakery In House,1225,28552,211225,20LT SCONES,EACH
160,BOWMANS BUTTERS,GT5,28559,,GARLIC TOPPING MIX,P/KG
1154,Bakery In House,,28561,211226,BLACKFOREST CAKE,EACH
1154,Bakery In House,1227,28563,211227,1/2 DESSERT SWISS ROLL,EACH
127,BAKE IT EASY,111,28564,,PUFF PASTRY,EAC
21,CROWN FOOD GROUP,3693720,28572,,JELLY GREENGAGE,500G
21,CROWN FOOD GROUP,3693753,28573,,JELLY MIXED BERRY,500G
21,CROWN FOOD GROUP,3693791,28574,,JELLY ORANGE,500G
21,CROWN FOOD GROUP,3693718,28575,,JELLY S/BERRY,500G
1154,Bakery In House,1228,28608,211228,CUSTARD DOUGHNUT,EACH
16,CHIPKINS PURATOS (BIDVEST SOL),40475,28621,,VERMICELLI CHOC CHIPKINS,P/KG
16,CHIPKINS PURATOS (BIDVEST SOL),40483,28622,,VERMICELLI R/BOW CHIPKINS,P/KG
1154,Bakery In House,1229,28658,211229,PICTURE,EACH
1154,Bakery In House,1230,28659,211230,CUP CAKE,EACH
120,WESTERN CAPE MILLING,SRM12.5,28667,,WC MILLING SOFT ROLL MIX,12.5K
1154,Bakery In House,1231,28678,211231,SPINACH & FETTA  ROLL,EACH
1154,Bakery In House,1232,28679,211232,BACON & VEG ROLL,EACH
1154,Bakery In House,1233,28680,211233,IMIFINO  ROLL,EACH
1154,Bakery In House,1234,28707,211234,MELTING MOMENTS,EACH
1154,Bakery In House,1235,28751,211235,16 INCH DEPOSIT,EACH
1154,Bakery In House,1236,28752,211236,14 INCH BAL,EACH
1154,Bakery In House,1237,28753,211237,14 INCH CAKE,EACH
1154,Bakery In House,1238,28754,211238,14 INCH DEP,EACH
1154,Bakery In House,1239,28755,211239,14 INCH BAL,EACH
1154,Bakery In House,1240,28756,211240,MERRY CRISTMAS CAKE,EACH
1154,Bakery In House,,28774,211241,CAKE BOARD,EACH
1154,Bakery In House,,28775,211242,CAKE BOX,EACH
1154,Bakery In House,1243,28776,211243,SPONGE CAKE,EACH
1154,Bakery In House,1244,28777,211244,CUSTARD / CARAMEL TART,EACH
16,CHIPKINS PURATOS (BIDVEST SOL),13720,28779,,YEAST WET,P/KG
1154,Bakery In House,1245,28821,211245,SWEET MIX,EACH
1154,Bakery In House,1246,28828,211246,BIRTHDAY CAKE,EACH
1154,Bakery In House,,28830,211248,10LT SCONES,EACH
64,SOUTHBAKELS (PTY) LTD,587900,28832,,STRAWBERRY TOPPING,P/KG
64,SOUTHBAKELS (PTY) LTD,91110,28833,,DESI COCONUT,P/KG
128,ACE PACKAGING (CAPE)(DESERTMOO,CMU2011C-BA,28837,,L720 DOME SUPER CAKE,EA
128,ACE PACKAGING (CAPE)(DESERTMOO,CRF2712C,28838,,T446 BERRY RT95-270,EA
128,ACE PACKAGING (CAPE)(DESERTMOO,CRF0004C-BA,28840,,T956 INSERT RT95,EA
1154,Bakery In House,1247,28870,211247,5LT SCONES,EACH
16,CHIPKINS PURATOS (BIDVEST SOL),90705,28888,,CINNAMON GROUND,P/KG
1154,Bakery In House,,28944,211249,RING DOUGHUT CAKE,EACH
1154,Bakery In House,1250,28945,211250,GARLIC BRAAI 6'S,EACH
64,SOUTHBAKELS (PTY) LTD,58810,28958,,S/BERRY PIE FILL,2.7KG
64,SOUTHBAKELS (PTY) LTD,346050,28959,,S/BERRY FLAVOURED JELLY,2KG
64,SOUTHBAKELS (PTY) LTD,346150,28960,,GREENGAGE  FLAVOURED JELLY,2KG
1154,Bakery In House,,28985,211251,JUMBO SESAME ROLLS,EACH
128,ACE PACKAGING (CAPE)(DESERTMOO,MAIN50B-BA,28991,,MAIN 50 BLACK,EA
128,ACE PACKAGING (CAPE)(DESERTMOO,LIN014-BA,28992,,CIBA 71M WHITE,EA
127,BAKE IT EASY,14,28996,,DONUT RINGS,EA
127,BAKE IT EASY,12,28997,,DONUT LONG,EA
127,BAKE IT EASY,68,28998,,HOTDOGS ROLLS,EA
127,BAKE IT EASY,65,28999,,HAMBURGER ROLLS,EA
1154,Bakery In House,,29009,211252,MADEIRA SLICE,EACH
1154,Bakery In House,,29018,211253,18 INCH CAKE BAL PLASTIC,EACH
1154,Bakery In House,1254,29020,211254,TRIFFLE,EACH
1154,Bakery In House,,29030,,SPAR WATER,P/KG
1154,Bakery In House,,29047,211255,BUTTERFLY CUP CAKES,EACH
1154,Bakery In House,1256,29048,211256,CINNAMON DOUGHNUT 4'S,EACH
93,GOOSEBUMPS DISTR.(BREAD STOP),4601,29055,,COCKTAIL SAVOURY SAUSAG,EA
93,GOOSEBUMPS DISTR.(BREAD STOP),4704,29056,,COCKTAIL CUSTARD DANISH,EA
93,GOOSEBUMPS DISTR.(BREAD STOP),4705,29057,,COCKTAIL APPLE DANISH,EA
93,GOOSEBUMPS DISTR.(BREAD STOP),2501,29058,,WONDER WHIP VANILLA,2LT
1154,Bakery In House,1257,29067,211257,PEPPERMINT CAKE,EACH
128,ACE PACKAGING (CAPE)(DESERTMOO,MAIN75B-BA,29073,,MAIN 75 BLACK,EA
128,ACE PACKAGING (CAPE)(DESERTMOO,AS086-BA,29074,,CLAMSHELL 160/100ML,EA
128,ACE PACKAGING (CAPE)(DESERTMOO,LRF4991C,29075,,RT95 UNPUNCH FLAT LID,EA
128,ACE PACKAGING (CAPE)(DESERTMOO,CMU2012B,29076,,T721 BASE SUPER CAKE,EA
128,ACE PACKAGING (CAPE)(DESERTMOO,MAIN60B-BA,29077,,MAIN 60 BLACK,EA
1154,Bakery In House,1258,29086,211258,ASS. DESSERT CAKE,EACH
1154,Bakery In House,,29088,20000196,SUNFLOWER OIL,2LT
1012,NUFRESH,,29092,,MIXED  PEPPERS,P/KG
1154,Bakery In House,,29098,,SPAR OIL,P/KG
1154,Bakery In House,,29099,,SYRUP,KG
377,GOLDEN YOLK / SUCCESS VENTURES,,29100,,GOLDEN YOLK LOOSE BAKERY EGGS,30'S
1154,Bakery In House,1259,29103,211259,CUSTARD DESSERT SMALL,EACH
128,ACE PACKAGING (CAPE)(DESERTMOO,FP001C-BA,29104,,GREASE PROOF REAM 420X660,EA
1154,Bakery In House,,29109,211260,CHICKEN CTL SAUSAGE,EACH
1154,Bakery In House,,29126,211261,MINT CAKE SLICE,EACH
128,ACE PACKAGING (CAPE)(DESERTMOO,HC020A-BA,29136,,SMALL TART 3001H,100'S
1154,Bakery In House,,29140,211262,SQ CHOC CAKE,EACH
1154,Bakery In House,,29141,211263,CHAKALAKA ROLLS,EACH
1154,Bakery In House,,29143,211264,TUB BREAD CRUMBS,EACH
1154,Bakery In House,,29154,211265,CHEESE & ONION  BREAD,EACH
1154,Bakery In House,,29155,211266,CHEESE & ONION ROLL 6'S,EACH
1154,Bakery In House,1267,29161,211267,RAINBOW SLAB,EACH
1154,Bakery In House,1268,29167,211268, MUFFINS,EACH
1154,Bakery In House,,29170,211269,ICING CUP CAKE,EACH
93,GOOSEBUMPS DISTR.(BREAD STOP),,29184,211270,COCKTAIL  DANISH,EA
127,BAKE IT EASY,388,29223,,PUFF PASTRY HORN,EA
1154,Bakery In House,1271,29250,211271,TRAMAZZINI,EACH
1154,Bakery In House,,29253,211272,MOUSSE CAKE SLICE,EACH
1154,Bakery In House,1273,29299,211273,CUP CAKES 6'S,EACH
377,GOLDEN YOLK / SUCCESS VENTURES,,29300,,GOLDEN YOLK LOOSE BAKERY EGGS,30'S
5,ANCHOR YEAST(BULK BAKERY),B144,29306,,JALAPENO BREAD MIX,10KG
64,SOUTHBAKELS (PTY) LTD,1752000,29307,,20% SWEET PREMIX,P/KG
64,SOUTHBAKELS (PTY) LTD,425020,29308,,CARAMEL DIPPING ICING,P/KG
64,SOUTHBAKELS (PTY) LTD,8350000,29309,,CINNAMON GROUND,P/KG
16,CHIPKINS PURATOS (BIDVEST SOL),70102,29321,,ESSENCE VANILLA,2LT
16,CHIPKINS PURATOS (BIDVEST SOL),80619,29322,,OIL VEGETABLE CHIPKINS,20LT
1154,Bakery In House,1274,29330,211274,NUTTY CROISSANTS,EACH
1154,Bakery In House,,29352,211275,KIT KAT CAKE,EACH
1154,Bakery In House,,29400,211276,HORNS,EACH
1154,Bakery In House,,29455,211277,ALMOND CINNAMON CROISSANTS,EACH
1154,Bakery In House,1278,29457,211278,CUSTARD & JELLY DESSERT,EACH
16,CHIPKINS PURATOS (BIDVEST SOL),81125,29458,,FAT PASTREX SUPER,P/KG
1154,Bakery In House,1279,29469,211279, CUSTARD DESSERT MED,EACH
1154,Bakery In House,,29483,211280,PLAIN CROISSANTS 4'S,EACH
1154,Bakery In House,,29492,211281,MEATY SUBS,EACH
1154,Bakery In House,,29493,211282,MINI G/BUTTER BREAD,EACH
1154,Bakery In House,,29494,,MINI G/BUTTER BREAD,EACH
1154,Bakery In House,,29504,211283,PEACAN BRAN&B/MILK RUSK,EACH
1154,Bakery In House,,29540,211284, CINNAMON CROISSANTS,EACH
16,CHIPKINS PURATOS (BIDVEST SOL),40419,29543,,FONDANT,P/KG
1154,Bakery In House,,29591,211285,DESSERT  CUP CAKE,EACH
1154,Bakery In House,1286,29632,211286, ROLLS,EACH
1154,Bakery In House,,29674,211287,PALMEIRS,EACH
1154,Bakery In House,,29680,211288,BULK PANINI ROLLS,EACH
16,CHIPKINS PURATOS (BIDVEST SOL),20120,29684,,PIE APPLE CHIPKINS,P/KG
127,BAKE IT EASY,53,29732,,CRISPY ROLLS,EA
127,BAKE IT EASY,56,29733,,PORTUBUESE ROLLS,EA
93,GOOSEBUMPS DISTR.(BREAD STOP),1002035,29735,,PLAIN VANILLA SPONGE,EA
93,GOOSEBUMPS DISTR.(BREAD STOP),1003045,29736,,CHOC SPONGE-8,EA
93,GOOSEBUMPS DISTR.(BREAD STOP),1180,29737,,TART BASE SWEET,EA
93,GOOSEBUMPS DISTR.(BREAD STOP),50014,29738,,SMALL FLUTED TART BASE,EA
93,GOOSEBUMPS DISTR.(BREAD STOP),6010,29739,,PUFF PASTRY ROLL,EA
127,BAKE IT EASY,44,29794,,CUSTARD DANISH,100G
127,BAKE IT EASY,41,29795,,APPLE DANISH,100G
64,SOUTHBAKELS (PTY) LTD,42505,29820,,VANILLA  DIPPING ICING,P/KG
64,SOUTHBAKELS (PTY) LTD,58684,29821,,CARAMEL SPREAD,P/KG
64,SOUTHBAKELS (PTY) LTD,53105,29822,,BAKELS ONE SPREAD,P/KG
64,SOUTHBAKELS (PTY) LTD,38162,29823,,EURO CHOC CAKE MIX,P/KG
64,SOUTHBAKELS (PTY) LTD,38160,29824,,EURO CAKE MIX,P/KG
127,BAKE IT EASY,152,29895,,CINNABUNS,EA
127,BAKE IT EASY,30,29896,,DANISH SQUARES,EA
127,BAKE IT EASY,149,29897,,FRENCH DONUT,EA
1154,Bakery In House,5374,29906,211289,VETKOEK 4'S,EACH
16,CHIPKINS PURATOS (BIDVEST SOL),41705,29908,,SODIUM BICARBONATE,P/KG
5,ANCHOR YEAST(BULK BAKERY),B140,29965,,BAG HOT X/FRUITY BUN MIX,12.5G
1154,Bakery In House,1290,29990,211290,ASS CAKE SLICE,EACH
1668,SPAR WESTERN CAPE,3432767,29991,6001008847448,SBK SPREAD CARAMEL 3KG,3KG
1154,Bakery In House,1291,30011,211291,FRENCH DONUT,EACH
5,ANCHOR YEAST(BULK BAKERY),B132,30121,,ANCHOR MULTI CEREAL MIX,10KG
16,CHIPKINS PURATOS (BIDVEST SOL),40487,30122,,DARK CHOCOLATE,P/KG
93,GOOSEBUMPS DISTR.(BREAD STOP),6222,30190,6009700149631,MINI VANILLA SWISS ROLL - CARAMEL,EA
93,GOOSEBUMPS DISTR.(BREAD STOP),6223,30191,6009700149693,MINI VANILLA SWISS ROLL CHOC,EA
93,GOOSEBUMPS DISTR.(BREAD STOP),6556,30192,6009700149716,MINI R/VELVET SWISS ROLL,EA
93,GOOSEBUMPS DISTR.(BREAD STOP),300103,30195,,PRE-FRIED LONG DOUGHNUTS,EA
93,GOOSEBUMPS DISTR.(BREAD STOP),300203,30196,,PRE-FRIED RING DOUGHNUTS,EA
1154,Bakery In House,,30197,211292, HOTCROSS BUNS,EACH
1154,Bakery In House,1293,30198,211293,CINNAMON BUNS 6'S,EACH
64,SOUTHBAKELS (PTY) LTD,1761000250,30200,,SOFTROLL MIX 20%,P-KG
93,GOOSEBUMPS DISTR.(BREAD STOP),6224,30237,20000226,MINI CHOC SWISS ROLL CAR,EA
93,GOOSEBUMPS DISTR.(BREAD STOP),6555,30238,6009700149679,MINI CHOC SWISS ROLL CHOC,EA
64,SOUTHBAKELS (PTY) LTD,91121,30318,,CORN FLOUR,P/KG
16,CHIPKINS PURATOS (BIDVEST SOL),48704,30360,,SPARKLES CRYSTAL GOLD,5GR
16,CHIPKINS PURATOS (BIDVEST SOL),48706,30361,,SPARKLES GREEN,5GR
128,ACE PACKAGING (CAPE)(DESERTMOO,ISH001-BU,30584,,BOR 250X400 PER ROLL ONLY,EA
116,RICH PRODUCTS,2349,30615,,R/B PAIN AU CHOCOLATE,75G
116,RICH PRODUCTS,29394,30616,,CUSTARD PUFF,100G
116,RICH PRODUCTS,29381,30617,,APPLE PUFF,100G
116,RICH PRODUCTS,4644,30618,,RICH'S CHOCOLATE SIGNATURE,EA
116,RICH PRODUCTS,4641,30619,,RICH'S VANILLA SIGNATURE,EA
1668,SPAR WESTERN CAPE,3440769,30629,,P/SKY LOAF RUSTIC OLIVE&R/MARY,450G
1668,SPAR WESTERN CAPE,3441012,30630,,P/SKY RYE S/FLOWER SEED&RAISIN,550G
1668,SPAR WESTERN CAPE,3441011,30631,,P/SKY S/DOUGH ART C/WHEAT 500G,500G
1668,SPAR WESTERN CAPE,3441003,30632,,P/SKY S/DOUGH ART A/GRAIN 500G,500G
16,CHIPKINS PURATOS (BIDVEST SOL),43802,30646,,SOFT GEL ELEC PURPLE,EA
116,RICH PRODUCTS,16493,30672,,MIXED MUFFIN BATTER  SELECTION 6,KG
64,SOUTHBAKELS (PTY) LTD,38126,30674,,KING CHOC CAKE MIX,P/KG
64,SOUTHBAKELS (PTY) LTD,41345,30812,,CRUMBLE MIX,P/KG
732,PRICE RITE SPICES PTY LTD,SE-PRSICOI,30827,,PRS QUICK CUSTARD POWDER,1 KG
1154,Bakery In House,1294,30880,211294,CRUMBLE CUP CAKES 6'S,EACH
1154,Bakery In House,1295,30932,211295,KING CAKE SLICE,EACH
1154,Bakery In House,1296,31209,211296,MINI MOUSE CAKE,EACH
1154,Bakery In House,,31210,211297,STRW/ MOUSE CUPS,EACH
16,CHIPKINS PURATOS (BIDVEST SOL),40310,31212,,CUSTARD INSTANT C/LIFE,P/KG
64,SOUTHBAKELS (PTY) LTD,912300,31323,,GREEN COLOUR PDR,P/KG
1012,NUFRESH,,31383,,ENGLISH CUCUMBER,EA
64,SOUTHBAKELS (PTY) LTD,5970,31436,,PEANUT NIBS,5KG
1154,Bakery In House,1298,31481,211298,TEGRAL CAKE SLICE,EACH
1154,Bakery In House,,31487,211299,CARROT CAKE LRG,EACH
1154,Bakery In House,1300,31504,211300,CINNAMON LOAF,EACH
46,M & R FRESH FRUIT & VEG.MARKET,BANA011-BA,31521,,BANANAS LOOSE,P/KG
64,SOUTHBAKELS (PTY) LTD,59111,31543,,PERSIPAN STD BT,12.5KG
16,CHIPKINS PURATOS (BIDVEST SOL),140408,31731,,PIPING BAG NO 8,EA
1154,Bakery In House,1302,31791,211302,BUTTERSCOTCH CAKE,EACH
93,GOOSEBUMPS DISTR.(BREAD STOP),4706,31803,,COCKTAIL CHOC DANISH,EA
1154,Bakery In House,1303,31877,211303,CARROT CUP CAKES,EACH
1154,Bakery In House,1304,31878,211304,MEXICAN VEGGIE SLICE,EACH
1154,Bakery In House,1305,31919,211305,BAGELS,EACH
1154,Bakery In House,1306,31921,211306,LAMINGTON CAKE,EACH
1154,Bakery In House,1307,31942,211307,PIZZA BASE,EACH
5,ANCHOR YEAST(BULK BAKERY),B131,32007,,BAG CIABATTA,10KG
1154,Bakery In House,1208,32010,211308,MINI  CROISSANT,EACH
1154,Bakery In House,,32049,211309,BREAD PUDDING,EACH
93,GOOSEBUMPS DISTR.(BREAD STOP),5750,32050,,PLAIN VANIL SPONGE SHEET,EA
93,GOOSEBUMPS DISTR.(BREAD STOP),6750,32051,,CHOC SPONGE SHEET,EA
93,GOOSEBUMPS DISTR.(BREAD STOP),1006,32052,,PINK SPONGE SHEET,EA
93,GOOSEBUMPS DISTR.(BREAD STOP),2576,32053,,RED VELVET  SPONGE SHEET,EA
16,CHIPKINS PURATOS (BIDVEST SOL),42106,32112,,CHELLIES RED GATEAU,P/KG
16,CHIPKINS PURATOS (BIDVEST SOL),42512,32113,,MUFFIN MIX,12.5KG
1154,Bakery In House,,32115,211310,MOIST  CHOC SQURE,EACH
1154,Bakery In House,1311,32161,211311,KOEKSISTERS,EACH
1154,Bakery In House,1312,32172,211312,GARLIC FOCACCIA,EACH
16,CHIPKINS PURATOS (BIDVEST SOL),84855,32187,,MARG WHITE WOODEN SPOON,P/KG
1154,Bakery In House,,32223,211313,G/ BUTTERD ROLLS 6'S,EACH
1154,Bakery In House,,32269,211314,MILK TART CAKE,EACH
16,CHIPKINS PURATOS (BIDVEST SOL),42655,32296,,PRINCESS CAKE MIX,12.5KG
64,SOUTHBAKELS (PTY) LTD,42264,32300,,BLACK PETTINICE,P/KG
64,SOUTHBAKELS (PTY) LTD,41364,32301,,MINI BINGOZ,4KG
64,SOUTHBAKELS (PTY) LTD,51448,32302,,DARK CHOC COAT DICS,P/KG
64,SOUTHBAKELS (PTY) LTD,5145,32303,,WHITE CHOC COAT DICS,P/KG
64,SOUTHBAKELS (PTY) LTD,58683,32304,,PREMIUM CARAMEL,3KG
1154,Bakery In House,,32437,211315,TEGRAL MOIST PETITE,EACH
16,CHIPKINS PURATOS (BIDVEST SOL),4005719,32438,,SUNSET GLAZE,1LT
16,CHIPKINS PURATOS (BIDVEST SOL),100425,32439,,SUGAR CASTOR HULLETS,P/KG
1154,Bakery In House,1316,32441,211316,CARROT LOAF,EACH
1154,Bakery In House,1317,32442,211317,FRUIT ECLAIRS,EACH
16,CHIPKINS PURATOS (BIDVEST SOL),43891,32443,,SOFT GEL ELEC BLUE,EA
16,CHIPKINS PURATOS (BIDVEST SOL),43814,32444,,SOFT GEL ELEC GREEN,EA
16,CHIPKINS PURATOS (BIDVEST SOL),43900,32445,,SOFT GEL ELEC PINK,EA
1154,Bakery In House,1318,32555,211318,FARM BREAD,EACH
1233, RETAIL SHOPS,YEAST- BA,32570,,YEAST  RETAIL,P/KG
1233, RETAIL SHOPS,RED - BA,32571,,COLOUR RED,40ML
16,CHIPKINS PURATOS (BIDVEST SOL),45702,32574,,TEGRAL BROWNIE,P/KG
1154,Bakery In House,1320,32578,211320,COCTAIL GARLIC ROLLS,EACH
1154,Bakery In House,1321,32580,211321,SEED   BAR,EACH
64,SOUTHBAKELS (PTY) LTD,42829,32628,,ORLEY WHIP DESSERT TOP,1L
1154,Bakery In House,,32629,211322,KOEKIES,EACH
5,ANCHOR YEAST(BULK BAKERY),B189,32633,,THAI BREAD MIX,P/KG
128,ACE PACKAGING (CAPE)(DESERTMOO,21512C-BA,32841,,CIBA PET BASE CLEAR 215-12,EA
128,ACE PACKAGING (CAPE)(DESERTMOO,215045C-BA,32842,,CIBA PET TART DOME 215-45,EA
1668,SPAR WESTERN CAPE,2177834,32854,,F/L ROLLS HOTDOG,6'S
93,GOOSEBUMPS DISTR.(BREAD STOP),1851,32881,,SMALL PAR-BAKED SOUR DOUGH BAGUEETTES,EA
93,GOOSEBUMPS DISTR.(BREAD STOP),3006503,32882,,SMALL PAR-BAKED SOUR DOUGH CIABATTA ROLL,EA
1154,Bakery In House,1323,32884,211323,CHOC DESSERT SQURES,EACH
1154,Bakery In House,1324,32885,211324,MELTING MOMENTS,EACH
1154,Bakery In House,162,32949,2001620000003,MEATY FOCACCIA,EACH
1154,Bakery In House,1011,32987,211011,DESSERT SCONE '6,EACH
16,CHIPKINS PURATOS (BIDVEST SOL),100506,33028,,BAKERS CARAMEL,P/KG
1668,SPAR WESTERN CAPE,3459869,33194,6001008853876,SBK CROISSANT BUTTER 1'S,1EA
1668,SPAR WESTERN CAPE,3467020,33195,6001008855993,SBK CROISSANT CHOC 90GR,90G
1668,SPAR WESTERN CAPE,3462697,33211,6001008855177,SBK MIX CRUNCHIE 5KG,5KG
128,ACE PACKAGING (CAPE)(DESERTMOO,ZIB008-BA,33320,,L344 LAMINGTON DOME,EA
128,ACE PACKAGING (CAPE)(DESERTMOO,MAIN73W-BA,33321,,MAIN 73 WHITE,EA
128,ACE PACKAGING (CAPE)(DESERTMOO,SWI-BA,33322,,SPAR WHITE BREAD BAG,700GR
1154,Bakery In House,1096,33373,211096,MEALIE BREAD,EACH
1154,Bakery In House,,33567,211325,GARLIC BRAAI,EACH
1668,SPAR WESTERN CAPE,,88880112,230112,BAKERY PACKAGING 0%,
1668,SPAR WESTERN CAPE,,99990103,220103,BAKERY INGREDIENTS 15%,
1668,SPAR WESTERN CAPE,,99990112,220112,BAKERY PACKAGING 15%,